,Province,Canton,District,lat,long
0,GUANACASTE,HOJANCHA,MATAMBU,10.057561,-85.41950109999999
1,LIMON,LIMON,DESCONOCIDO,9.9913106,-83.04150779999999
2,ALAJUELA,SARCHÃ,TORO AMARILLO,10.2167,-84.2833
3,ALAJUELA,UPALA,YOLILLAL,10.8979462,-85.0155499
4,SAN JOSE,TARRAZU,DESCONOCIDO,9.6051515,-84.0378894
5,HEREDIA,SAN PABLO,DESCONOCIDO,9.9968342,-84.09633409999999
6,ALAJUELA,ATENAS,DESCONOCIDO,9.9784936,-84.3738394
7,PUNTARENAS,PUNTARENAS,MANZANILLO,9.696843999999999,-85.20266000000001
8,HEREDIA,SANTA BARBARA,SAN PEDRO,10.0371501,-84.15833789999999
9,SAN JOSE,LEON CORTES,SAN ANDRES,9.739062,-84.080399
10,SAN JOSE,CURRIDABAT,SANCHEZ,9.9129044,-84.01938609999999
11,SAN JOSE,PURISCAL,CHIRES,9.832137,-84.3331694
12,LIMON,LIMON,MATAMA,9.9913106,-83.04150779999999
13,PUNTARENAS,QUEPOS,QUEPOS,9.431868099999999,-84.16190759999999
14,SAN JOSE,MORAVIA,LA TRINIDAD,9.9799446,-84.0352464
15,PUNTARENAS,CORREDORES,LAUREL,8.4448201,-82.9098133
16,SAN JOSE,ACOSTA,PALMICHAL,9.8390232,-84.2061404
17,HEREDIA,SAN ISIDRO,DESCONOCIDO,10.0182399,-84.055129
18,PUNTARENAS,ESPARZA,DESCONOCIDO,9.9906919,-84.667374
19,ALAJUELA,ALAJUELA,SAN ISIDRO,9.9951563,-84.4330214
20,HEREDIA,SANTA BARBARA,DESCONOCIDO,10.0371501,-84.15833789999999
21,ALAJUELA,SAN CARLOS,MONTERREY,10.5371919,-84.659401
22,SAN JOSE,TURRUBARES,CARARA,9.702240999999999,-84.54318669999999
23,SAN JOSE,TURRUBARES,SAN LUIS,9.9280694,-84.0907246
24,PUNTARENAS,COTO BRUS,SAN VITO,8.82288,-82.9689738
25,GUANACASTE,SANTA CRUZ,BOLSON,10.2609675,-85.5843632
26,HEREDIA,SARAPIQUI,PUERTO VIEJO,10.4539873,-84.01938609999999
27,ALAJUELA,ALAJUELA,SAN RAFAEL,9.969134799999999,-84.21207
28,ALAJUELA,ZARCERO,PALMIRA,10.2117609,-84.38093599999999
29,ALAJUELA,OROTINA,COYOLAR,9.8941912,-84.55628779999999
30,SAN JOSE,TURRUBARES,SAN PABLO,9.909000800000001,-84.4408972
31,LIMON,SIQUIRRES,SIQUIRRES,10.0981388,-83.5096859
32,ALAJUELA,UPALA,SAN JOSE (PIZOTE),10.9534043,-85.1375645
33,GUANACASTE,NICOYA,NOSARA,9.9797332,-85.64862509999999
34,CARTAGO,TURRIALBA,TRES EQUIS,9.963207299999999,-83.581615
35,PUNTARENAS,BUENOS AIRES,CHANGUENA,9.1672952,-83.3308421
36,PUNTARENAS,PARRITA,PARRITA,9.518638100000002,-84.33053939999999
37,ALAJUELA,SAN RAMON,CONCEPCION,10.0910284,-84.4703933
38,ALAJUELA,GRECIA,TACARES,10.0288796,-84.2915293
39,SAN JOSE,GOICOECHEA,PURRAL,9.962174599999999,-84.0073228
40,HEREDIA,SANTO DOMINGO,SAN VICENTE,9.9917344,-84.0722375
41,ALAJUELA,ZARCERO,BRISAS,10.1864136,-84.39189739999999
42,PUNTARENAS,GOLFITO,DESCONOCIDO,8.6040618,-83.1133792
43,HEREDIA,SAN RAFAEL,SAN RAFAEL,10.0144716,-84.0986459
44,GUANACASTE,TILARAN,LIBANO,10.4177504,-84.9872797
45,LIMON,TALAMANCA,BRATSI,9.625731799999999,-82.85262019999999
46,GUANACASTE,CANAS,POROZAL,10.2603998,-85.1978239
47,PUNTARENAS,ESPARZA,CALDERA,9.9906919,-84.667374
48,SAN JOSE,SAN JOSE,CATEDRAL,9.9257827,-84.0747275
49,ALAJUELA,PALMARES,DESCONOCIDO,10.060727,-84.4378495
50,GUANACASTE,NANDAYURE,SANTA RITA,9.9903778,-85.2521952
51,SAN JOSE,DESAMPARADOS,SAN ANTONIO,9.8989015,-84.0470318
52,ALAJUELA,POAS,SAN PEDRO,10.0783392,-84.24631880000001
53,GUANACASTE,ABANGARES,SIERRA,10.6267399,-85.44367059999999
54,CARTAGO,CARTAGO,TIERRA BLANCA,9.9161836,-83.892355
55,GUANACASTE,LA CRUZ,SANTA ELENA,11.0708272,-85.6306396
56,GUANACASTE,TILARAN,QUEBRADA GRANDE,10.4345278,-84.9783916
57,PUNTARENAS,PUNTARENAS,PITAHAYA,9.9778439,-84.82942109999999
58,SAN JOSE,MONTES DE OCA,MERCEDES,9.9425975,-84.04713890000001
59,GUANACASTE,TILARAN,ARENAL,10.5444566,-84.89466759999999
60,SAN JOSE,SANTA ANA,DESCONOCIDO,9.9312697,-84.1820735
61,GUANACASTE,CARRILLO,BELEN,10.392113,-85.6162021
62,SAN JOSE,DESAMPARADOS,SAN CRISTOBAL,9.8336455,-84.21668160000002
63,PUNTARENAS,ESPARZA,MACACOMA,9.9906919,-84.667374
64,CARTAGO,JIMENEZ,TUCURRIQUE,9.8533028,-83.7212419
65,CARTAGO,LA UNION,CONCEPCION,9.9235557,-83.9929431
66,SAN JOSE,ALAJUELITA,DESCONOCIDO,9.901608,-84.09947
67,SAN JOSE,ASERRI,ASERRI,9.8641706,-84.0933652
68,ALAJUELA,SAN CARLOS,PALMERA,10.422588,-84.38546
69,LIMON,LIMON,RIO BLANCO,10.2102752,-83.8340441
70,SAN JOSE,TIBAS,LEON XIII,9.9602225,-84.099966
71,ALAJUELA,SAN RAMON,SAN RAMON,10.0910284,-84.4703933
72,LIMON,POCOCI,DESCONOCIDO,10.4230878,-83.7199136
73,ALAJUELA,POAS,DESCONOCIDO,10.07124,-84.24655899999999
74,HEREDIA,DESCONOCIDO,DESCONOCIDO,9.9981413,-84.1197643
75,HEREDIA,SANTA BARBARA,JESUS,10.0371501,-84.15833789999999
76,SAN JOSE,LEON CORTES,SAN ISIDRO,9.9280694,-84.0907246
77,LIMON,GUACIMO,GUACIMO,10.2127003,-83.6866091
78,CARTAGO,DESCONOCIDO,DESCONOCIDO,9.8638091,-83.91619349999999
79,SAN JOSE,PEREZ ZELEDON,PEJIBAYE,9.157166,-83.5696329
80,ALAJUELA,ALAJUELA,TURRUCARES,9.9570664,-84.3200184
81,SAN JOSE,SAN JOSE,SAN SEBASTIAN,9.9104636,-84.08540169999999
82,ALAJUELA,LOS CHILES,LOS CHILES,11.0336891,-84.71326959999999
83,PUNTARENAS,GOLFITO,JIMENEZ,8.6040618,-83.1133792
84,SAN JOSE,MORA,COLON,9.9280694,-84.0907246
85,PUNTARENAS,MONTES DE ORO,DESCONOCIDO,10.0529075,-84.7289442
86,CARTAGO,TURRIALBA,TUIS,9.857322,-83.5656379
87,HEREDIA,FLORES,DESCONOCIDO,10.0016198,-84.1593413
88,SAN JOSE,SAN JOSE,MERCED,9.941046199999999,-84.0895419
89,GUANACASTE,SANTA CRUZ,CARTAGENA,10.2609675,-85.5843632
90,SAN JOSE,DESAMPARADOS,PATARRA,9.8852915,-84.0299601
91,CARTAGO,CARTAGO,CORRALILLO,9.7939376,-84.0484601
92,HEREDIA,HEREDIA,VARABLANCA,10.1686271,-84.14878999999999
93,GUANACASTE,NICOYA,SAN ANTONIO,10.1987475,-85.4311094
94,ALAJUELA,SAN CARLOS,FORTUNA,10.4678335,-84.64268059999999
95,PUNTARENAS,QUEPOS,SAVEGRE,9.3605556,-84.0641667
96,GUANACASTE,SANTA CRUZ,TEMPATE,10.2609675,-85.5843632
97,GUANACASTE,NICOYA,NICOYA,10.1445678,-85.4530295
98,GUANACASTE,BAGACES,RIO NARANJO,10.6812129,-85.0895694
99,SAN JOSE,DESAMPARADOS,ROSARIO,9.8969706,-84.0616709
100,ALAJUELA,PALMARES,CANDELARIA,10.0311465,-84.41989269999999
101,ALAJUELA,SAN RAMON,ALFARO,10.078698,-84.509827
102,ALAJUELA,PALMARES,SANTIAGO,10.060727,-84.4378495
103,SAN JOSE,TIBAS,CINCO ESQUINAS,9.9466936,-84.08214199999999
104,ALAJUELA,ATENAS,SAN ISIDRO,9.9951563,-84.4330214
105,SAN JOSE,DOTA,COPEY,9.5586413,-83.91089680000002
106,SAN JOSE,PEREZ ZELEDON,GENERAL,9.35473,-83.63484299999999
107,CARTAGO,JIMENEZ,PEJIBAYE,10.1672961,-83.7730237
108,SAN JOSE,TURRUBARES,SAN JUAN DE MATA,9.9280694,-84.0907246
109,LIMON,POCOCI,JIMENEZ,10.1672961,-83.7730237
110,ALAJUELA,ATENAS,ATENAS,9.9784936,-84.3738394
111,ALAJUELA,ALAJUELA,SABANILLA,10.0764186,-84.21602279999999
112,SAN JOSE,ASERRI,DESCONOCIDO,9.8641706,-84.0933652
113,PUNTARENAS,ESPARZA,ESPIRITU SANTO,9.9906919,-84.667374
114,SAN JOSE,ESCAZU,DESCONOCIDO,9.920695,-84.14615189999999
115,LIMON,MATINA,BATAN,10.0836077,-83.33886079999999
116,LIMON,GUACIMO,MERECEDES,10.1838992,-83.62154020000001
117,PUNTARENAS,BUENOS AIRES,PILAS,9.1672952,-83.3308421
118,ALAJUELA,SAN RAMON,PIEDADES NORTE,10.1344107,-84.5104212
119,ALAJUELA,SAN CARLOS,FLORENCIA,10.4150486,-84.5012435
120,ALAJUELA,GUATUSO,KATIRA,10.7416183,-84.91410119999999
121,CARTAGO,PARAISO,OROSI,9.839214,-83.8664076
122,PUNTARENAS,ESPARZA,SAN RAFAEL,9.9826962,-84.60735369999999
123,PUNTARENAS,PUNTARENAS,EL ROBLE,9.981606099999999,-84.7350701
124,CARTAGO,EL GUARCO,DESCONOCIDO,9.8448839,-83.9453168
125,SAN JOSE,SAN JOSE,HOSPITAL,9.9280694,-84.0907246
126,SAN JOSE,PEREZ ZELEDON,BARU,9.35473,-83.63484299999999
127,PUNTARENAS,BUENOS AIRES,POTRERO GRANDE,9.0146122,-83.17695859999999
128,LIMON,SIQUIRRES,DESCONOCIDO,10.0981388,-83.5096859
129,LIMON,MATINA,CARRANDI,10.0770702,-83.29073389999999
130,LIMON,LIMON,LIMON,9.9913106,-83.04150779999999
131,ALAJUELA,NARANJO,SAN JOSE,10.1563794,-84.406761
132,CARTAGO,CARTAGO,SAN FRANCISCO,9.8363706,-83.9158624
133,HEREDIA,SANTA BARBARA,SANTA BARBARA,10.0359937,-84.15742589999999
134,PUNTARENAS,PUNTARENAS,PAQUERA,9.981291599999999,-84.8087797
135,CARTAGO,LA UNION,TRES RIOS,9.907676799999999,-83.9878311
136,SAN JOSE,TARRAZU,SAN CARLOS,9.6174982,-84.1118458
137,LIMON,TALAMANCA,CAHUITA,9.7347856,-82.84521459999999
138,ALAJUELA,POAS,CARRILLOS,10.0341266,-84.2673851
139,ALAJUELA,SAN RAMON,SAN JUAN,10.1078567,-84.4651744
140,LIMON,TALAMANCA,SIXAOLA,9.5022439,-82.61415389999999
141,SAN JOSE,MORAVIA,SAN JERONIMO,10.0322142,-84.00087719999999
142,HEREDIA,BELEN,LA RIBERA,9.9924027,-84.180458
143,PUNTARENAS,PUNTARENAS,PUNTARENAS,9.9778439,-84.82942109999999
144,SAN JOSE,SAN JOSE,HATILLO,9.922704999999999,-84.1076259
145,PUNTARENAS,OSA,BAHIA BALLENA,9.1689176,-83.7305392
146,HEREDIA,HEREDIA,ULLOA,9.9789823,-84.1382368
147,LIMON,DESCONOCIDO,DESCONOCIDO,9.989639799999999,-83.03324169999999
148,PUNTARENAS,CORREDORES,CORREDOR,8.648997,-82.9436183
149,HEREDIA,BARVA,BARVA,10.0190909,-84.1237232
150,GUANACASTE,LA CRUZ,SANTA CECILIA,11.07213,-85.63354439999999
151,CARTAGO,CARTAGO,LLANO GRANDE,9.9412609,-83.910782
152,HEREDIA,SAN ISIDRO,SAN JOSE,10.0182399,-84.055129
153,SAN JOSE,TIBAS,ANSELMO LLORENTE,9.9569277,-84.07091679999999
154,HEREDIA,SAN RAFAEL,CONCEPCION,10.0144716,-84.0986459
155,SAN JOSE,SAN JOSE,URUCA,9.959179299999999,-84.1197643
156,SAN JOSE,VASQUEZ DE CORONADO,DULCE NOMBRE DE JESUS,9.9929583,-83.985008
157,ALAJUELA,OROTINA,MASTATE,9.9120855,-84.54449699999999
158,SAN JOSE,VASQUEZ DE CORONADO,PATALILLO,9.9755112,-84.020708
159,GUANACASTE,BAGACES,FORTUNA,10.6759352,-85.2023569
160,SAN JOSE,CURRIDABAT,CURRIDABAT,9.914550499999999,-84.0386633
161,GUANACASTE,NANDAYURE,SAN PABLO,9.9903778,-85.2521952
162,SAN JOSE,GOICOECHEA,RANCHO REDONDO,9.961952,-83.950935
163,CARTAGO,CARTAGO,DESCONOCIDO,9.8638091,-83.91619349999999
164,SAN JOSE,DOTA,DESCONOCIDO,9.5586413,-83.91089680000002
165,SAN JOSE,DESAMPARADOS,LOS GUIDO,9.8688951,-84.0458176
166,CARTAGO,TURRIALBA,PERALTA,9.9679634,-83.6122266
167,ALAJUELA,SARCHÃ,RODRIGUEZ,10.10127,-84.35293
168,GUANACASTE,CARRILLO,SARDINAL,10.5174123,-85.64747709999999
169,ALAJUELA,UPALA,DOS RIOS,10.8959089,-85.381434
170,ALAJUELA,SAN RAMON,ZAPOTAL,10.159274,-84.6522449
171,ALAJUELA,POAS,SAN RAFAEL,10.0917258,-84.25487790000001
172,SAN JOSE,ASERRI,SAN GABRIEL,9.7856577,-84.10784319999999
173,SAN JOSE,VASQUEZ DE CORONADO,DESCONOCIDO,9.9929583,-83.985008
174,SAN JOSE,DESAMPARADOS,DESAMPARADOS,9.8969706,-84.0616709
175,CARTAGO,ALVARADO,CAPELLADES,9.9218203,-83.7855627
176,SAN JOSE,DESAMPARADOS,SAN RAFAEL ARRIBA,9.876801799999999,-84.0737352
177,ALAJUELA,NARANJO,SAN MIGUEL,10.0738499,-84.3969863
178,SAN JOSE,ACOSTA,SABANILLAS,9.8000005,-84.1580225
179,ALAJUELA,LOS CHILES,EL AMPARO,10.85,-84.7
180,PUNTARENAS,PUNTARENAS,BARRANCA,10.0107286,-84.7054306
181,SAN JOSE,SAN JOSE,CARMEN,9.9359945,-84.0669545
182,SAN JOSE,SAN JOSE,SAN FRANCISCO DE DOS RIOS,9.9108836,-84.0576196
183,PUNTARENAS,MONTES DE ORO,MIRAMAR,10.0832988,-84.729334
184,HEREDIA,SAN PABLO,RINCON DE SABANILLA,9.9867286,-84.10392619999999
185,LIMON,POCOCI,RITA,10.4466974,-83.7836403
186,GUANACASTE,TILARAN,TIERRAS MORENAS,10.5707284,-85.0246453
187,SAN JOSE,LEON CORTES,SAN ANTONIO,9.719422999999999,-84.05882299999999
188,ALAJUELA,NARANJO,DESCONOCIDO,10.0974116,-84.3831166
189,LIMON,POCOCI,LA COLONIA,10.2447363,-83.8037444
190,SAN JOSE,TIBAS,SAN JUAN,9.964000000000002,-84.0775201
191,LIMON,TALAMANCA,TELIRE,9.560164,-83.307343
192,PUNTARENAS,GOLFITO,GUAYCARA,8.6040618,-83.1133792
193,CARTAGO,TURRIALBA,DESCONOCIDO,9.9067054,-83.6800512
194,SAN JOSE,GOICOECHEA,GUADALUPE,9.946603099999999,-84.0536463
195,ALAJUELA,OROTINA,CEIBA,9.9018832,-84.60211819999999
196,SAN JOSE,MONTES DE OCA,SAN PEDRO,9.9301517,-84.0511025
197,PUNTARENAS,GOLFITO,PAVON,8.6040618,-83.1133792
198,LIMON,MATINA,MATINA,10.0770702,-83.29073389999999
199,ALAJUELA,NARANJO,PALMITOS,10.0939183,-84.4238316
200,CARTAGO,TURRIALBA,LA ISABEL,9.9258087,-83.66144000000001
201,SAN JOSE,ESCAZU,ESCAZU,9.920695,-84.14615189999999
202,GUANACASTE,SANTA CRUZ,VEINTISIETE DE ABRIL,10.2471765,-85.7124267
203,ALAJUELA,UPALA,CANALETE,10.8358469,-85.0473773
204,SAN JOSE,PEREZ ZELEDON,SAN ISIDRO DE EL GENERAL,9.366023499999999,-83.6961197
205,ALAJUELA,ATENAS,CONCEPCION,9.949559299999999,-84.3699767
206,SAN JOSE,ESCAZU,SAN RAFAEL,9.9346483,-84.14878999999999
207,HEREDIA,FLORES,LLORENTE,9.9984115,-84.1594676
208,SAN JOSE,MONTES DE OCA,DESCONOCIDO,9.940807699999999,-84.02467329999999
209,ALAJUELA,PALMARES,ZARAGOZA,10.060727,-84.4378495
210,ALAJUELA,SAN RAMON,SAN LORENZO,10.2740379,-84.530014
211,SAN JOSE,LEON CORTES,LLANO BONITO,9.7542888,-84.2048226
212,SAN JOSE,MORA,TABARCIA,9.9323988,-84.080052
213,PUNTARENAS,ESPARZA,SAN JERONIMO,10.036432,-84.6308899
214,CARTAGO,EL GUARCO,SAN ISIDRO,9.8285009,-83.96119639999999
215,ALAJUELA,LOS CHILES,DESCONOCIDO,11.0336891,-84.71326959999999
216,SAN JOSE,SAN JOSE,MATA REDONDA,9.9334277,-84.1103725
217,LIMON,SIQUIRRES,GERMANIA,10.0981388,-83.5096859
218,CARTAGO,EL GUARCO,PATIO DE AGUA,9.8448839,-83.9453168
219,GUANACASTE,LA CRUZ,DESCONOCIDO,11.0708272,-85.6306396
220,LIMON,GUACIMO,DESCONOCIDO,10.2127003,-83.6866091
221,GUANACASTE,TILARAN,DESCONOCIDO,10.4563619,-84.9713512
222,GUANACASTE,NANDAYURE,CARMONA,9.9903778,-85.2521952
223,CARTAGO,CARTAGO,SAN NICOLAS,9.903192899999999,-83.94266979999999
224,HEREDIA,BARVA,SAN PEDRO,10.0286419,-84.13571069999999
225,LIMON,POCOCI,CARIARI,10.488088,-83.6135572
226,PUNTARENAS,PUNTARENAS,CHIRA,9.9778439,-84.82942109999999
227,SAN JOSE,DESCONOCIDO,DESCONOCIDO,9.9280694,-84.0907246
228,SAN JOSE,DOTA,SANTA MARIA,9.548854,-83.985008
229,SAN JOSE,LEON CORTES,SAN PABLO,9.6841689,-84.03921079999999
230,ALAJUELA,SAN RAMON,VOLIO,10.129771,-84.45779399999999
231,HEREDIA,SARAPIQUI,DESCONOCIDO,10.4539873,-84.01938609999999
232,SAN JOSE,SAN JOSE,ZAPOTE,9.9191024,-84.05966699999999
233,GUANACASTE,ABANGARES,COLORADO,10.280573,-84.958445
234,ALAJUELA,SAN CARLOS,VENADO,10.55606,-84.754272
235,ALAJUELA,ZARCERO,DESCONOCIDO,10.1864136,-84.39189739999999
236,CARTAGO,OREAMUNO,SAN RAFAEL,9.866349,-83.902951
237,CARTAGO,ALVARADO,DESCONOCIDO,9.916195,-83.8095774
238,ALAJUELA,LOS CHILES,CANO NEGRO,10.89241,-84.79567
239,GUANACASTE,CANAS,BEBEDERO,10.3687827,-85.19588110000001
240,ALAJUELA,GRECIA,GRECIA,10.0731003,-84.3122803
241,CARTAGO,LA UNION,DULCE NOMBRE,9.9261733,-83.97879879999999
242,CARTAGO,CARTAGO,OCCIDENTAL,9.8625864,-83.9254615
243,ALAJUELA,UPALA,AGUAS CLARAS,10.8174281,-85.1725618
244,HEREDIA,BARVA,DESCONOCIDO,10.0190909,-84.1237232
245,CARTAGO,OREAMUNO,COT,9.866349,-83.902951
246,ALAJUELA,ALAJUELA,DESAMPARADOS,10.0236936,-84.18768879999999
247,ALAJUELA,ATENAS,SANTA EULALIA,10.0052388,-84.3699767
248,GUANACASTE,CARRILLO,PALMIRA,10.5143198,-85.5727878
249,GUANACASTE,CANAS,PALMIRA,10.5415789,-85.0889205
250,GUANACASTE,LIBERIA,CURUBANDE,10.7197949,-85.4104706
251,ALAJUELA,ALAJUELA,LA GARITA,9.982251999999999,-84.3279093
252,SAN JOSE,ASERRI,TARBACA,9.8641706,-84.0933652
253,SAN JOSE,MORA,QUITIRRISÃ,9.8811276,84.2377742
254,CARTAGO,OREAMUNO,POTRERO CERRADO,9.866349,-83.902951
255,SAN JOSE,MORAVIA,SAN VICENTE,9.9634381,-84.0458176
256,HEREDIA,SAN PABLO,SAN PABLO,9.9968342,-84.09633409999999
257,SAN JOSE,PEREZ ZELEDON,CAJON,9.290111999999999,-83.583046
258,SAN JOSE,ALAJUELITA,CONCEPCION,9.9235557,-83.9929431
259,ALAJUELA,SAN MATEO,DESCONOCIDO,9.941030099999999,-84.5274616
260,HEREDIA,SARAPIQUI,LA VIRGEN,10.4015672,-84.1342789
261,SAN JOSE,ALAJUELITA,SAN ANTONIO,9.901608,-84.09947
262,PUNTARENAS,OSA,PIEDRAS BLANCAS,8.78397,-83.2372175
263,HEREDIA,SAN RAFAEL,SAN JOSECITO,10.0159804,-84.1052462
264,SAN JOSE,DESAMPARADOS,GRAVILIAS,9.8934374,-84.0583685
265,ALAJUELA,SARCHÃ,SARCHI SUR,10.08412880,-84.33974380
266,GUANACASTE,CANAS,SAN MIGUEL,10.3533962,-85.0801601
267,SAN JOSE,SANTA ANA,URUCA,9.959179299999999,-84.1197643
268,SAN JOSE,PEREZ ZELEDON,PLATANARES,9.206807099999999,-83.6429252
269,CARTAGO,PARAISO,CACHI,9.839358899999999,-83.8637825
270,CARTAGO,LA UNION,SAN RAMON,9.9412369,-83.992806
271,GUANACASTE,SANTA CRUZ,CUAJINIQUIL,10.9432945,-85.6858616
272,PUNTARENAS,BUENOS AIRES,BIOLLEY,9.1672952,-83.3308421
273,SAN JOSE,PURISCAL,MERCEDES SUR,9.8168351,-84.356564
274,CARTAGO,TURRIALBA,EL CHIRRIPO,9.5134327,-83.49462179999999
275,SAN JOSE,SANTA ANA,BRASIL,9.9312697,-84.1820735
276,LIMON,GUACIMO,POCORA,10.1668658,-83.6055732
277,SAN JOSE,ACOSTA,GUAITIL,9.792221,-84.2311727
278,PUNTARENAS,BUENOS AIRES,BUENOS AIRES,9.1672952,-83.3308421
279,GUANACASTE,ABANGARES,DESCONOCIDO,10.280573,-84.958445
280,CARTAGO,CARTAGO,QUEBRADILLA,9.8436129,-83.9909594
281,HEREDIA,SANTA BARBARA,SANTO DOMINGO,10.0640008,-84.1553444
282,PUNTARENAS,PUNTARENAS,CHOMES,10.0438519,-84.9082428
283,ALAJUELA,SAN RAMON,SANTIAGO,10.0643085,-84.4868185
284,PUNTARENAS,PUNTARENAS,ACAPULCO,9.9752567,-84.8325356
285,HEREDIA,BARVA,SAN ROQUE,10.0137547,-84.1369175
286,ALAJUELA,SAN MATEO,SAN MATEO,9.941030099999999,-84.5274616
287,PUNTARENAS,PUNTARENAS,COBANO,9.711013699999999,-85.1271907
288,HEREDIA,SANTO DOMINGO,SAN MIGUEL,9.980227,-84.0511025
289,SAN JOSE,TIBAS,DESCONOCIDO,9.964000000000002,-84.0775201
290,SAN JOSE,SANTA ANA,SALITRAL,9.908751700000002,-84.17912
291,SAN JOSE,MORA,PIEDRAS NEGRAS,9.910495,-84.3219912
292,PUNTARENAS,COTO BRUS,LIMONCITO,8.8278645,-83.01599569999999
293,HEREDIA,SAN ISIDRO,SAN ISIDRO,10.0182399,-84.055129
294,ALAJUELA,GUATUSO,BUENAVISTA,10.7425979,-84.832527
295,GUANACASTE,SANTA CRUZ,DIRIA,10.2671589,-85.58762279999999
296,PUNTARENAS,GOLFITO,GOLFITO,8.6040618,-83.1133792
297,HEREDIA,SANTO DOMINGO,DESCONOCIDO,9.980723399999999,-84.0909289
298,PUNTARENAS,COTO BRUS,PITTIER,8.954044999999999,-83.070404
299,ALAJUELA,RIO CUARTO,SANTA ISABEL,10.3415389,-84.21602279999999
300,CARTAGO,EL GUARCO,TOBOSI,9.8449899,-83.984093
301,LIMON,LIMON,VALLE LA ESTRELLA,9.989639799999999,-83.03324169999999
302,PUNTARENAS,PUNTARENAS,LEPANTO,9.8889981,-85.1271907
303,ALAJUELA,SAN MATEO,JESUS MARIA,9.9614943,-84.58771829999999
304,ALAJUELA,SAN RAMON,PENAS BLANCAS,10.1167935,-84.6694885
305,ALAJUELA,ALAJUELA,SARAPIQUI,10.0159394,-84.21417009999999
306,SAN JOSE,MONTES DE OCA,SAN RAFAEL,9.945804100000002,-83.9929431
307,PUNTARENAS,OSA,CORTES,9.2169531,-83.33618799999999
308,CARTAGO,OREAMUNO,SANTA ROSA,9.918466600000002,-83.84010049999999
309,SAN JOSE,PURISCAL,SANTIAGO,9.849876,-84.3164496
310,CARTAGO,TURRIALBA,TAYUTIC,9.8224438,-83.556316
311,SAN JOSE,ESCAZU,SAN ANTONIO,9.8899694,-84.1382368
312,CARTAGO,PARAISO,SANTIAGO,9.8692771,-83.7990228
313,ALAJUELA,UPALA,DELICIAS,10.8979462,-85.0155499
314,HEREDIA,FLORES,BARRANTES,10.0154017,-84.151428
315,LIMON,MATINA,DESCONOCIDO,10.0770702,-83.29073389999999
316,ALAJUELA,ZARCERO,ZARCERO,10.1864136,-84.39189739999999
317,SAN JOSE,PURISCAL,GRIFO ALTO,9.8775769,-84.3890299
318,GUANACASTE,LIBERIA,CANAS DULCES,10.7362897,-85.48138349999999
319,GUANACASTE,TILARAN,CABECERAS,10.4563619,-84.9713512
320,CARTAGO,TURRIALBA,SANTA CRUZ,9.9646138,-83.7292111
321,ALAJUELA,UPALA,UPALA,10.8979462,-85.0155499
322,HEREDIA,SAN RAFAEL,LOS ANGELES,10.0144716,-84.0986459
323,ALAJUELA,ALAJUELA,CARRIZAL,10.0867332,-84.1685722
324,ALAJUELA,SAN RAMON,ANGELES,10.0910284,-84.4703933
325,ALAJUELA,NARANJO,NARANJO,10.0974116,-84.3831166
326,ALAJUELA,OROTINA,HACIENDA VIEJA,9.920282199999999,-84.49311610000001
327,ALAJUELA,ATENAS,ESCOBAL,9.9393041,-84.42251859999999
328,GUANACASTE,LIBERIA,NACASCOLO,10.6345964,-85.4406747
329,CARTAGO,TURRIALBA,PAVONES,9.90151,-83.62553129999999
330,CARTAGO,LA UNION,SAN JUAN,9.8638091,-83.91619349999999
331,CARTAGO,JIMENEZ,JUAN VINAS,9.893716699999999,-83.74655059999999
332,SAN JOSE,SANTA ANA,POZOS,9.9312697,-84.1820735
333,SAN JOSE,ASERRI,SALITRILLOS,9.8545772,-84.09284310000001
334,ALAJUELA,OROTINA,DESCONOCIDO,9.9120206,-84.5194688
335,SAN JOSE,PEREZ ZELEDON,SAN PEDRO,9.276169,-83.549606
336,ALAJUELA,GRECIA,BOLIVAR,10.0731003,-84.3122803
337,ALAJUELA,ALAJUELA,GUACIMA,9.958908599999999,-84.26475219999999
338,LIMON,SIQUIRRES,PACUARITO,10.1015006,-83.4683562
339,HEREDIA,SANTO DOMINGO,PARACITO,10.0082945,-84.0253342
340,PUNTARENAS,BUENOS AIRES,COLINAS,9.1672952,-83.3308421
341,HEREDIA,BARVA,SAN JOSE DE LA MONTA?A,10.0843362,-84.1118458
342,SAN JOSE,TURRUBARES,SAN PEDRO,9.875525999999999,-84.445168
343,HEREDIA,BELEN,DESCONOCIDO,9.979719099999999,-84.1804384
344,PUNTARENAS,OSA,SIERPE,8.560906,-83.46435509999999
345,PUNTARENAS,COTO BRUS,SABALITO,8.8162931,-82.9098133
346,CARTAGO,CARTAGO,ORIENTAL,9.861078299999999,-83.9188416
347,LIMON,POCOCI,ROXANA,10.398632,-83.6135572
348,SAN JOSE,ACOSTA,DESCONOCIDO,9.8000005,-84.1580225
349,PUNTARENAS,CORREDORES,LA CUESTA,8.4886866,-82.8492538
350,CARTAGO,PARAISO,PARAISO,9.839214,-83.8664076
351,SAN JOSE,PEREZ ZELEDON,DESCONOCIDO,9.35473,-83.63484299999999
352,GUANACASTE,CARRILLO,FILADELFIA,10.4440491,-85.5514441
353,PUNTARENAS,BUENOS AIRES,BORUCA,9.1672952,-83.3308421
354,SAN JOSE,PEREZ ZELEDON,RIO NUEVO,9.419146999999999,-83.795135
355,GUANACASTE,NANDAYURE,PORVENIR,9.9903778,-85.2521952
356,PUNTARENAS,MONTES DE ORO,SAN ISIDRO,10.0529075,-84.7289442
357,SAN JOSE,GOICOECHEA,SAN FRANCISCO,9.9423579,-84.0728979
358,CARTAGO,CARTAGO,GUADALUPE,9.8615532,-83.9453168
359,GUANACASTE,TILARAN,TILARAN,10.4563619,-84.9713512
360,SAN JOSE,TURRUBARES,DESCONOCIDO,9.9454893,-84.1021057
361,CARTAGO,TURRIALBA,SANTA ROSA,9.9278734,-83.697328
362,ALAJUELA,POAS,SAN JUAN,10.07124,-84.24655899999999
363,GUANACASTE,ABANGARES,LAS JUNTAS,10.2812663,-84.9596457
364,CARTAGO,LA UNION,RIO AZUL,9.891627699999999,-84.0345856
365,ALAJUELA,GRECIA,PUENTE DE PIEDRA,10.0474759,-84.31645999999999
366,LIMON,SIQUIRRES,CAIRO,10.0981388,-83.5096859
367,LIMON,SIQUIRRES,REVENTAZÃN,10.2440761,83.3873659
368,GUANACASTE,HOJANCHA,PUERTO CARRILLO,9.868858,-85.48138349999999
369,ALAJUELA,GRECIA,RIO CUARTO,10.3415389,-84.21602279999999
370,SAN JOSE,DOTA,JARDIN,9.714281,-83.96946
371,SAN JOSE,SAN JOSE,PAVAS,9.945407099999999,-84.12768179999999
372,ALAJUELA,NARANJO,SAN JERONIMO,10.1068342,-84.3634056
373,ALAJUELA,GUATUSO,DESCONOCIDO,10.7118987,-84.8150781
374,ALAJUELA,UPALA,BIJAGUA,10.7312909,-85.0584152
375,GUANACASTE,SANTA CRUZ,SANTA CRUZ,10.2609675,-85.5843632
376,SAN JOSE,CURRIDABAT,DESCONOCIDO,9.914550499999999,-84.0386633
377,ALAJUELA,SAN CARLOS,TIGRA,10.342772,-84.581879
378,ALAJUELA,GRECIA,SAN JOSE,10.0731003,-84.3122803
379,SAN JOSE,SANTA ANA,SANTA ANA,9.9312697,-84.1820735
380,PUNTARENAS,OSA,DRAKE,9.2169531,-83.33618799999999
381,PUNTARENAS,QUEPOS,DESCONOCIDO,9.431868099999999,-84.16190759999999
382,ALAJUELA,OROTINA,OROTINA,9.9120206,-84.5194688
383,SAN JOSE,MONTES DE OCA,SABANILLA,9.9450974,-84.03128170000001
384,HEREDIA,SAN RAFAEL,SANTIAGO,10.0083127,-84.1045862
385,HEREDIA,HEREDIA,MERCEDES,9.9981413,-84.1197643
386,ALAJUELA,SARCHÃ,SAN PEDRO,9.92829,-84.05074
387,PUNTARENAS,GARABITO,DESCONOCIDO,9.2169531,-83.33618799999999
388,ALAJUELA,SAN CARLOS,PITAL,10.4531184,-84.27791549999999
389,GUANACASTE,DESCONOCIDO,DESCONOCIDO,10.6267399,-85.44367059999999
390,LIMON,TALAMANCA,DESCONOCIDO,9.6540146,-82.75494119999999
391,HEREDIA,SARAPIQUI,CURE?A,10.4539873,-84.01938609999999
392,PUNTARENAS,MONTES DE ORO,UNION,10.0529075,-84.7289442
393,ALAJUELA,SAN CARLOS,BUENAVISTA,10.2752245,-84.4607091
394,ALAJUELA,DESCONOCIDO,DESCONOCIDO,10.0159394,-84.21417009999999
395,GUANACASTE,LA CRUZ,LA CRUZ,11.0708272,-85.6306396
396,GUANACASTE,NICOYA,MANSION,10.1001577,-85.37175169999999
397,PUNTARENAS,OSA,DESCONOCIDO,8.560906,-83.46435509999999
398,HEREDIA,SAN ISIDRO,CONCEPCION,10.0182399,-84.055129
399,CARTAGO,CARTAGO,CARMEN,9.8776546,-83.9135452
400,SAN JOSE,CURRIDABAT,GRANADILLA,9.9295888,-84.01938609999999
401,SAN JOSE,DESAMPARADOS,DAMAS,9.8925327,-84.0499677
402,ALAJUELA,ZARCERO,TAPEZCO,10.222073,-84.4060669
403,PUNTARENAS,PUNTARENAS,DESCONOCIDO,9.9778439,-84.82942109999999
404,ALAJUELA,SARCHÃ,DESCONOCIDO,null,null
405,GUANACASTE,NANDAYURE,ZAPOTAL,9.9903778,-85.2521952
406,SAN JOSE,PURISCAL,BARBACOAS,9.858405,-84.34893
407,PUNTARENAS,ESPARZA,SAN JUAN GRANDE,9.9906919,-84.667374
408,LIMON,SIQUIRRES,ALEGRIA,10.0874521,-83.60424239999999
409,SAN JOSE,DESAMPARADOS,FRAILES,9.7510245,-84.0550659
410,PUNTARENAS,PUNTARENAS,MONTE VERDE,10.2749682,-84.8255097
411,PUNTARENAS,DESCONOCIDO,DESCONOCIDO,9.9778439,-84.82942109999999
412,ALAJUELA,SAN RAMON,DESCONOCIDO,10.0910284,-84.4703933
413,SAN JOSE,MORA,JARIS,9.8702566,-84.2858121
414,SAN JOSE,ACOSTA,CANGREJAL,9.764662999999999,-84.22011599999999
415,SAN JOSE,DESAMPARADOS,SAN MIGUEL,9.8714498,-84.0603563
416,SAN JOSE,PURISCAL,CANDELARITA,9.7957618,-84.3387577
417,GUANACASTE,CANAS,CANAS,10.4274414,-85.09346239999999
418,LIMON,POCOCI,COLORADO,10.6901193,-83.63484299999999
419,ALAJUELA,NARANJO,ROSARIO,10.048253,-84.380478
420,SAN JOSE,TARRAZU,SAN MARCOS,9.6651293,-84.0213754
421,SAN JOSE,PURISCAL,DESAMPARADITOS,9.878428999999999,-84.33991189999999
422,SAN JOSE,DESAMPARADOS,DESCONOCIDO,9.8969706,-84.0616709
423,SAN JOSE,CURRIDABAT,TIRRASES,9.9012344,-84.0261245
424,PUNTARENAS,PUNTARENAS,ARANCIBIA,10.233333,-84.7
425,ALAJUELA,ATENAS,MERCEDES,9.9856835,-84.4013184
426,GUANACASTE,SANTA CRUZ,DESCONOCIDO,10.2609675,-85.5843632
427,SAN JOSE,ASERRI,VUELTA DE JORCO,9.8641706,-84.0933652
428,LIMON,POCOCI,GUAPILES,10.2136788,-83.7890894
429,HEREDIA,FLORES,SAN JOAQUIN,10.0044907,-84.16086059999999
430,SAN JOSE,GOICOECHEA,MATA PLATANO,9.9517808,-84.0219991
431,CARTAGO,LA UNION,DESCONOCIDO,9.8638091,-83.91619349999999
432,ALAJUELA,ZARCERO,GUADALUPE,10.1822452,-84.4100442
433,SAN JOSE,DESAMPARADOS,SAN RAFAEL ABAJO,9.895975199999999,-84.0841227
434,ALAJUELA,ALAJUELA,TAMBOR,10.0365029,-84.24368489999999
435,ALAJUELA,ALAJUELA,ALAJUELA,10.0159394,-84.21417009999999
436,ALAJUELA,GRECIA,DESCONOCIDO,10.0731003,-84.3122803
437,GUANACASTE,NICOYA,SAMARA,9.8820222,-85.5290361
438,SAN JOSE,VASQUEZ DE CORONADO,SAN ISIDRO,9.9739072,-84.0088103
439,SAN JOSE,TIBAS,COLIMA,9.953057699999999,-84.0880839
440,SAN JOSE,PURISCAL,DESCONOCIDO,9.832137,-84.3331694
441,ALAJUELA,PALMARES,BUENOS AIRES,10.0704225,-84.4356468
442,SAN JOSE,VASQUEZ DE CORONADO,CASCAJAL,10.006598,-83.958153
443,PUNTARENAS,GARABITO,JACO,9.6202396,-84.6217487
444,ALAJUELA,ATENAS,JESUS,9.9701404,-84.4356468
445,ALAJUELA,SARCHÃ,SARCHI NORTE,10.09124800,-84.35044100
446,CARTAGO,TURRIALBA,TURRIALBA,9.9067054,-83.6800512
447,GUANACASTE,NICOYA,QUEBRADA HONDA,10.1856733,-85.2968171
448,CARTAGO,PARAISO,DESCONOCIDO,9.839214,-83.8664076
449,SAN JOSE,VASQUEZ DE CORONADO,SAN RAFAEL,9.9929583,-83.985008
450,SAN JOSE,ACOSTA,SAN IGNACIO,9.7993083,-84.1623211
451,ALAJUELA,ALAJUELA,SAN JOSE,10.0170529,-84.24631880000001
452,CARTAGO,ALVARADO,CERVANTES,9.916195,-83.8095774
453,SAN JOSE,ALAJUELITA,ALAJUELITA,9.901608,-84.09947
454,GUANACASTE,LIBERIA,DESCONOCIDO,10.6345964,-85.4406747
455,HEREDIA,SARAPIQUI,HORQUETAS,10.3352857,-83.9506104
456,HEREDIA,SANTA BARBARA,PURABA,10.0371501,-84.15833789999999
457,PUNTARENAS,BUENOS AIRES,DESCONOCIDO,9.1672952,-83.3308421
458,HEREDIA,HEREDIA,HEREDIA,9.9981413,-84.1197643
459,GUANACASTE,NICOYA,BELEN DE NOSARITA,10.031509,-85.5039271
460,SAN JOSE,PEREZ ZELEDON,DANIEL FLORES,9.329197899999999,-83.6734049
461,PUNTARENAS,OSA,PALMAR,8.560906,-83.46435509999999
462,GUANACASTE,HOJANCHA,HOJANCHA,10.057561,-85.41950109999999
463,ALAJUELA,ALAJUELA,RIO SEGUNDO,9.9994338,-84.1936203
464,SAN JOSE,PURISCAL,SAN ANTONIO,9.857633,-84.300659
465,GUANACASTE,CARRILLO,DESCONOCIDO,9.868858,-85.48138349999999
466,GUANACASTE,CANAS,DESCONOCIDO,10.4274414,-85.09346239999999
467,SAN JOSE,GOICOECHEA,CALLE BLANCOS,9.9471209,-84.0669545
468,HEREDIA,SANTO DOMINGO,SANTA ROSA,9.969937999999999,-84.0986459
469,GUANACASTE,NICOYA,DESCONOCIDO,10.1445678,-85.4530295
470,SAN JOSE,ASERRI,LA LEGUA,9.7366951,-84.10982709999999
471,SAN JOSE,PEREZ ZELEDON,RIVAS,9.4648291,-83.6135572
472,SAN JOSE,DESAMPARADOS,SAN JUAN DE DIOS,9.879435899999999,-84.0804177
473,SAN JOSE,MORA,DESCONOCIDO,9.9323988,-84.080052
474,CARTAGO,PARAISO,LLANOS DE SANTA LUCIA,9.839214,-83.8664076
475,ALAJUELA,NARANJO,SAN JUAN,10.117091,-84.39887999999999
476,ALAJUELA,GUATUSO,SAN RAFAEL,10.6705781,-84.8209461
477,HEREDIA,SANTO DOMINGO,SANTO TOMAS,9.9806958,-84.0775201
478,SAN JOSE,ASERRI,MONTERRY,9.756197,-84.109993
479,GUANACASTE,HOJANCHA,HUACAS,10.057561,-85.41950109999999
480,ALAJUELA,SAN CARLOS,QUESADA,10.3271511,-84.430677
481,ALAJUELA,SAN CARLOS,DESCONOCIDO,10.6590277,-84.3542049
482,GUANACASTE,NANDAYURE,DESCONOCIDO,9.9903778,-85.2521952
483,GUANACASTE,LIBERIA,MAYORGA,10.6345964,-85.4406747
484,CARTAGO,OREAMUNO,CIPRESES,9.866349,-83.902951
485,PUNTARENAS,BUENOS AIRES,VOLCAN,9.1672952,-83.3308421
486,ALAJUELA,GRECIA,SAN ROQUE,10.094802,-84.3042517
487,GUANACASTE,BAGACES,BAGACES,10.5251574,-85.254136
488,GUANACASTE,NANDAYURE,BEJUCO,9.8514292,-85.3288713
489,ALAJUELA,PALMARES,GRANJA,10.0517886,-84.4476419
490,CARTAGO,ALVARADO,PACAYAS,9.916195,-83.8095774
491,CARTAGO,EL GUARCO,EL TEJAR,9.841611,-83.946045
492,ALAJUELA,POAS,SABANA REDONDA,10.1168097,-84.2147052
493,HEREDIA,SANTA BARBARA,SAN JUAN,10.0249031,-84.1595215
494,HEREDIA,BARVA,SAN PABLO,10.0411817,-84.1131656
495,SAN JOSE,LEON CORTES,SANTA CRUZ,9.732596299999999,-84.03260329999999
496,GUANACASTE,SANTA CRUZ,TAMARINDO,10.2609675,-85.5843632
497,ALAJUELA,GUATUSO,COTE,10.7118987,-84.8150781
498,LIMON,GUACIMO,DUACARI,10.3064966,-83.6514634
499,PUNTARENAS,PUNTARENAS,GUACIMAL,10.210155,-84.845894
500,ALAJUELA,SAN RAMON,PIEDADES SUR,10.1153205,-84.5366351
501,ALAJUELA,SAN MATEO,DESMONTE,9.9596128,-84.47239
502,HEREDIA,BELEN,ASUNCION,9.9797047,-84.1678982
503,ALAJUELA,SAN RAMON,SAN ISIDRO,9.9951563,-84.4330214
504,ALAJUELA,ALAJUELA,DESCONOCIDO,10.0159394,-84.21417009999999
505,CARTAGO,LA UNION,SAN DIEGO,9.900822999999999,-84.0039922
506,SAN JOSE,SAN JOSE,DESCONOCIDO,9.9280694,-84.0907246
507,HEREDIA,HEREDIA,SAN FRANCISCO,9.9981413,-84.1197643
508,PUNTARENAS,COTO BRUS,GUTIERREZ BRAUN,9.2169531,-83.33618799999999
509,ALAJUELA,SAN RAMON,SAN RAFAEL,10.0632425,-84.4673409
510,ALAJUELA,RIO CUARTO,RIO CUARTO,-33.1012597,-64.3199796
511,SAN JOSE,MORAVIA,DESCONOCIDO,10.0101333,-84.01145439999999
512,ALAJUELA,SAN CARLOS,POCOSOL,10.3777384,-84.61128
513,PUNTARENAS,COTO BRUS,AGUA BUENA,8.7403663,-82.947467
514,ALAJUELA,NARANJO,CIRRI SUR,10.1208655,-84.3686625
515,ALAJUELA,ZARCERO,LAGUNA,10.2113681,-84.4020771
516,SAN JOSE,MORA,GUAYABO,9.8587805,-84.26475219999999
517,GUANACASTE,BAGACES,MOGOTE,10.7043447,-85.2230744
518,HEREDIA,SAN RAFAEL,DESCONOCIDO,10.0144716,-84.0986459
519,ALAJUELA,ATENAS,SAN JOSE,10.0169099,-84.4015075
520,PUNTARENAS,CORREDORES,CANOAS,8.551894599999999,-82.95015579999999
521,ALAJUELA,ALAJUELA,SAN ANTONIO,9.9892098,-84.24631880000001
522,PUNTARENAS,BUENOS AIRES,BRUNKA,9.1708283,-83.3357339
523,ALAJUELA,UPALA,DESCONOCIDO,10.8979462,-85.0155499
524,ALAJUELA,PALMARES,PALMARES,10.060727,-84.4378495
525,LIMON,GUACIMO,RIO JIMENEZ,10.24954671501649,-83.60807012625273
526,SAN JOSE,MORA,PICAGRES,9.9053298,-84.34566009999999
527,ALAJUELA,GRECIA,SAN ISIDRO,10.113615,-84.2713342
528,GUANACASTE,HOJANCHA,MONTE ROMO,9.999863399999999,-85.38207950000002
529,DESCONOCIDO,DESCONOCIDO,DESCONOCIDO,9.748916999999999,-83.753428
530,GUANACASTE,SANTA CRUZ,CABO VELAS,10.2617615,-85.5822573
531,CARTAGO,LA UNION,SAN RAFAEL,9.866349,-83.902951
532,CARTAGO,OREAMUNO,DESCONOCIDO,9.866349,-83.902951
533,CARTAGO,CARTAGO,DULCE NOMBRE,9.845632199999999,-83.90957259999999
534,HEREDIA,BELEN,SAN ANTONIO,9.9799635,-84.1853179
535,ALAJUELA,LOS CHILES,SAN JORGE,10.716667,-84.683333
536,ALAJUELA,ZARCERO,ZAPOTE,10.229087,-84.426109
537,SAN JOSE,SANTA ANA,PIEDADES,9.924018,-84.2183555
538,HEREDIA,BARVA,SANTA LUCIA,10.0244733,-84.1131656
539,SAN JOSE,PURISCAL,SAN RAFAEL,9.83915,-84.29052
540,ALAJUELA,SAN MATEO,LABRADOR,9.9397272,-84.6191317
541,HEREDIA,HEREDIA,DESCONOCIDO,9.9981413,-84.1197643
542,ALAJUELA,SAN CARLOS,VENECIA,10.357123,-84.276558
543,PUNTARENAS,GARABITO,TARCOLES,9.7730312,-84.6295991
544,CARTAGO,TURRIALBA,SANTA TERESITA,9.9762562,-83.64614809999999
545,GUANACASTE,LA CRUZ,LA GARITA,11.0865626,-85.54834269999999
546,SAN JOSE,GOICOECHEA,IPIS,9.9649682,-84.0172628
547,HEREDIA,SARAPIQUI,LLANURAS DEL GASPAR,10.4539873,-84.01938609999999
548,LIMON,SIQUIRRES,FLORIDA,10.0924014,-83.5722955
549,HEREDIA,SANTO DOMINGO,TURES,9.9914528,-84.056387
550,HEREDIA,SANTO DOMINGO,SANTO DOMINGO,9.980723399999999,-84.0909289
551,ALAJUELA,SAN CARLOS,AGUAS ZARCAS,10.375813,-84.3357992
552,PUNTARENAS,PUNTARENAS,CHACARITA,9.986682199999999,-84.7707223
553,ALAJUELA,RIO CUARTO,SANTA RITA,10.3415389,-84.21602279999999
554,SAN JOSE,LEON CORTES,DESCONOCIDO,9.9268176,-84.1345761
555,SAN JOSE,PEREZ ZELEDON,PARAMO,9.35473,-83.63484299999999
556,SAN JOSE,PEREZ ZELEDON,LA AMISTAD,9.35473,-83.63484299999999
557,GUANACASTE,LIBERIA,LIBERIA,10.6345964,-85.4406747
558,SAN JOSE,TARRAZU,SAN LORENZO,9.6051515,-84.0378894
559,SAN JOSE,ALAJUELITA,SAN JOSECITO,9.8936301,-84.1062242
560,GUANACASTE,ABANGARES,SAN JUAN,10.216547,-85.5567068
561,HEREDIA,SAN ISIDRO,SAN FRANCISCO,10.0182399,-84.055129
562,ALAJUELA,SAN CARLOS,CUTRIS,10.5376221,-84.4853746
563,GUANACASTE,TILARAN,TRONADORA,10.5011221,-84.9225623
564,SAN JOSE,GOICOECHEA,DESCONOCIDO,9.9546686,-84.02202980000001
565,ALAJUELA,PALMARES,ESQUIPULAS,10.0580044,-84.4269151
566,HEREDIA,SANTO DOMINGO,PARA,10.007182,-84.02955
567,GUANACASTE,TILARAN,SANTA ROSA,10.3133195,-85.7865257
568,PUNTARENAS,QUEPOS,NARANJITO,9.470624899999999,-84.10392619999999
569,CARTAGO,TURRIALBA,LA SUIZA,9.855402999999999,-83.610896
570,SAN JOSE,ALAJUELITA,SAN FELIPE,9.907466999999999,-84.1052462
